x_desired,y_desired,z_desired,x_actual,y_actual,z_actual
0,0,-2.5,-0.0644141,0.120076,1.48471
0,0,-2.5,-0.0672248,0.124409,1.48678
0,0,-2.5,-0.0711837,0.131738,1.48938
0,0,-2.5,-0.0737132,0.134667,1.48891
0,0,-2.5,-0.0790063,0.134131,1.49848
0,0,-2.5,-0.0877586,0.134419,1.50626
0,0,-2.5,-0.0950585,0.134542,1.51259
0,0,-2.5,-0.100225,0.134073,1.5175
0,0,-2.5,-0.104465,0.13471,1.51273
0,0,-2.5,-0.104926,0.128495,1.49699
0,0,-2.5,-0.102848,0.122878,1.48698
0,0,-2.5,-0.100327,0.120094,1.47483
0,0,-2.5,-0.0983094,0.120689,1.46125
0,0,-2.5,-0.0945026,0.118765,1.45346
0,0,-2.5,-0.0941434,0.118803,1.43937
0,0,-2.5,-0.0896413,0.118597,1.43258
0,0,-2.5,-0.0835311,0.117165,1.43187
0,0,-2.5,-0.0792975,0.113788,1.43442
0,0,-2.5,-0.0744201,0.115941,1.43565
0,0,-2.5,-0.0660532,0.122783,1.42801
0,0,-2.5,-0.0594069,0.128384,1.42088
0,0,-2.5,-0.0544396,0.133206,1.41522
0,0,-2.5,-0.0520848,0.136926,1.41312
0,0,-2.5,-0.0470892,0.140788,1.41924
0,0,-2.5,-0.0441826,0.140897,1.41838
0,0,-2.5,-0.0406222,0.139935,1.41829
0,0,-2.5,-0.0351823,0.140599,1.4219
0,0,-2.5,-0.0300629,0.145819,1.42933
0,0,-2.5,-0.0248115,0.149767,1.43414
0,0,-2.5,-0.0208191,0.149459,1.43016
0,0,-2.5,-0.0209265,0.146336,1.42706
0,0,-2.5,-0.0241836,0.141787,1.42571
0,0,-2.5,-0.0274833,0.134909,1.41886
0,0,-2.5,-0.0298892,0.127317,1.42084
0,0,-2.5,-0.033007,0.121057,1.42359
0,0,-2.5,-0.0339472,0.1182,1.42679
0,0,-2.5,-0.0330883,0.118042,1.43046
0,0,-2.5,-0.0323372,0.119529,1.43325
0,0,-2.5,-0.029756,0.121186,1.44157
0,0,-2.5,-0.0281475,0.129836,1.45011
0,0,-2.5,-0.0277255,0.140701,1.45714
0,0,-2.5,-0.0283675,0.149279,1.4614
0,0,-2.5,-0.0319112,0.155487,1.46728
0,0,-2.5,-0.038752,0.157935,1.47527
0,0,-2.5,-0.0458581,0.159231,1.48729
0,0,-2.5,-0.0496244,0.156607,1.50041
0,0,-2.5,-0.048891,0.14767,1.51656
0,0,-2.5,-0.0437289,0.138407,1.53415
0,0,-2.5,-0.0366683,0.12342,1.54528
0,0,-2.5,-0.0269161,0.106869,1.55516
0,0,-2.5,-0.0181294,0.0896412,1.56439
0,0,-2.5,-0.0139002,0.0700917,1.57395
0,0,-2.5,-0.0106572,0.0534039,1.5797
0,0,-2.5,-0.00735592,0.0329683,1.58553
0,0,-2.5,-0.00682164,0.00851328,1.59351
0,0,-2.5,-0.0114474,-0.0170897,1.61287
0,0,-2.5,-0.0244748,-0.0327782,1.64068
0,0,-2.5,-0.0505077,-0.0408794,1.6764
0,0,-2.5,-0.0795363,-0.0455117,1.70605
0,0,-2.5,-0.113346,-0.0453455,1.73756
0,0,-2.5,-0.145984,-0.0389221,1.76929
0,0,-2.5,-0.184262,-0.0243476,1.80892
0,0,-2.5,-0.209408,-0.00729567,1.83926
0,0,-2.5,-0.226992,0.0152463,1.86882
0,0,-2.5,-0.238247,0.0342369,1.89127
0,0,-2.5,-0.246259,0.0510739,1.90958
0,0,-2.5,-0.252192,0.0675481,1.92382
0,0,-2.5,-0.249425,0.0829912,1.93489
0,0,-2.5,-0.241452,0.0870164,1.94838
0,0,-2.5,-0.226633,0.088451,1.96074
0,0,-2.5,-0.208094,0.090036,1.97028
0,0,-2.5,-0.183467,0.0871198,1.98372
0,0,-2.5,-0.163822,0.0863073,2.00136
0,0,-2.5,-0.146135,0.0772937,2.02099
0,0,-2.5,-0.131959,0.0658524,2.03589
0,0,-2.5,-0.117237,0.0530718,2.04844
0,0,-2.5,-0.103524,0.0426054,2.0594
0,0,-2.5,-0.0855351,0.0270467,2.07146
0,0,-2.5,-0.0652889,0.00975971,2.08537
0,0,-2.5,-0.0449991,-0.00622716,2.10064
0,0,-2.5,-0.0214912,-0.022336,2.12137
0,0,-2.5,-0.00451963,-0.0361456,2.14415
0,0,-2.5,0.0149663,-0.0452328,2.17012
0,0,-2.5,0.0314039,-0.0529002,2.1876
0,0,-2.5,0.0470748,-0.0588099,2.20028
0,0,-2.5,0.059829,-0.0597809,2.20892
0,0,-2.5,0.066209,-0.0568118,2.23025
0,0,-2.5,0.07173,-0.051714,2.24498
0,0,-2.5,0.0738525,-0.0481026,2.25658
0,0,-2.5,0.074869,-0.0462988,2.26356
0,0,-2.5,0.0779782,-0.0444402,2.2685
0,0,-2.5,0.0804844,-0.0462,2.2692
0,0,-2.5,0.0838851,-0.0486988,2.27627
0,0,-2.5,0.0865518,-0.0523028,2.28118
0,0,-2.5,0.0892582,-0.0572234,2.28343
0,0,-2.5,0.0933619,-0.0618512,2.28464
0,0,-2.5,0.0951208,-0.0730668,2.28235
0,0,-2.5,0.0960326,-0.0778656,2.27266
0,0,-2.5,0.0968241,-0.0767945,2.26251
0,0,-2.5,0.0972287,-0.0719132,2.25507
0,0,-2.5,0.0968824,-0.0673494,2.24948
0.0749688,0.0748751,-2.5,0.0981112,-0.0625312,2.2577
0.14975,0.149002,-2.5,0.0991039,-0.0548961,2.26899
0.224157,0.22164,-2.5,0.101579,-0.0484796,2.28226
0.298004,0.292064,-2.5,0.105467,-0.046298,2.29434
0.371106,0.359569,-2.5,0.107051,-0.0411657,2.30131
0.44328,0.423482,-2.5,0.107599,-0.0345447,2.30305
0.514347,0.483163,-2.5,0.110961,-0.0154882,2.30388
0.584127,0.538017,-2.5,0.118721,0.00682632,2.30651
0.652448,0.587495,-2.5,0.133421,0.0316108,2.31156
0.719138,0.631103,-2.5,0.152126,0.0642393,2.31468
0.784031,0.668406,-2.5,0.172221,0.102295,2.32181
0.846964,0.699029,-2.5,0.196884,0.144402,2.32866
0.90778,0.722669,-2.5,0.231814,0.198044,2.33805
0.966326,0.739087,-2.5,0.269536,0.252658,2.34937
1.02246,0.748121,-2.5,0.308598,0.309546,2.36154
1.07603,0.74968,-2.5,0.346895,0.352666,2.3701
1.12692,0.743749,-2.5,0.394651,0.402282,2.37596
1.17499,0.730386,-2.5,0.440431,0.450621,2.37984
1.22012,0.709725,-2.5,0.492102,0.509788,2.38568
1.26221,0.681973,-2.5,0.537321,0.571866,2.38587
1.30113,0.647407,-2.5,0.578077,0.639209,2.38942
1.33681,0.606372,-2.5,0.61133,0.69801,2.39412
1.36915,0.559279,-2.5,0.64274,0.759429,2.40081
1.39806,0.506597,-2.5,0.666623,0.817208,2.40877
1.42348,0.448854,-2.5,0.688253,0.884374,2.41724
1.44534,0.386626,-2.5,0.703474,0.943862,2.41653
1.46359,0.320535,-2.5,0.716461,1.00914,2.41532
1.47817,0.251241,-2.5,0.725865,1.07802,2.41521
1.48907,0.179437,-2.5,0.731304,1.13855,2.40945
1.49624,0.10584,-2.5,0.728098,1.19943,2.40519
1.49968,0.0311854,-2.5,0.71443,1.24971,2.39719
1.49936,-0.0437806,-2.5,0.6909,1.29755,2.39074
1.4953,-0.118309,-2.5,0.662814,1.33473,2.39081
1.4875,-0.191656,-2.5,0.625947,1.36575,2.39857
1.47598,-0.263087,-2.5,0.587867,1.39641,2.40253
1.46077,-0.33189,-2.5,0.539979,1.42823,2.40562
1.44191,-0.397377,-2.5,0.489729,1.45886,2.40733
1.41945,-0.458893,-2.5,0.428963,1.49165,2.40835
1.39344,-0.515825,-2.5,0.372313,1.51327,2.40744
1.36395,-0.567602,-2.5,0.301329,1.53015,2.40175
1.33104,-0.613708,-2.5,0.235475,1.53552,2.39492
1.29481,-0.653682,-2.5,0.164095,1.5363,2.38553
1.25535,-0.687124,-2.5,0.0976804,1.53728,2.37545
1.21274,-0.713702,-2.5,0.019848,1.53439,2.37574
1.16711,-0.733148,-2.5,-0.0489648,1.52203,2.37687
1.11856,-0.745268,-2.5,-0.120212,1.50244,2.37759
1.06721,-0.749942,-2.5,-0.183647,1.47817,2.37963
1.01319,-0.747123,-2.5,-0.250864,1.44594,2.38542
0.956647,-0.736839,-2.5,-0.299217,1.41851,2.3878
0.897708,-0.719193,-2.5,-0.350044,1.39329,2.3923
0.836526,-0.694361,-2.5,-0.404563,1.36547,2.40358
0.773252,-0.662591,-2.5,-0.453335,1.33759,2.41904
0.708046,-0.624201,-2.5,-0.500164,1.3049,2.43808
0.64107,-0.579573,-2.5,-0.538914,1.26952,2.44729
0.572492,-0.529155,-2.5,-0.571188,1.2276,2.44562
0.502482,-0.47345,-2.5,-0.592264,1.18556,2.43745
0.431217,-0.413014,-2.5,-0.606509,1.1373,2.42613
0.358874,-0.348452,-2.5,-0.614478,1.09155,2.4187
0.285634,-0.280407,-2.5,-0.614821,1.04,2.41529
0.21168,-0.209562,-2.5,-0.609296,0.988737,2.41257
0.137197,-0.136622,-2.5,-0.599014,0.928621,2.40903
0.0623708,-0.0623168,-2.5,-0.58648,0.874803,2.40659
-0.012611,0.0126106,-2.5,-0.560254,0.812164,2.40982
-0.0875613,0.087412,-2.5,-0.529018,0.743473,2.41271
-0.162293,0.16134,-2.5,-0.491075,0.666853,2.40985
-0.236618,0.233656,-2.5,-0.452875,0.596002,2.40561
-0.310353,0.303638,-2.5,-0.406489,0.520334,2.40041
-0.383312,0.370585,-2.5,-0.354099,0.451463,2.38752
-0.455312,0.43383,-2.5,-0.299211,0.385023,2.37175
-0.526175,0.49274,-2.5,-0.236922,0.314148,2.36228
-0.595722,0.546727,-2.5,-0.171039,0.241915,2.36108
-0.663781,0.595251,-2.5,-0.112705,0.178684,2.36471
-0.73018,0.637828,-2.5,-0.0521134,0.107374,2.36741
-0.794754,0.674031,-2.5,0.0122448,0.0315278,2.36771
-0.857342,0.7035,-2.5,0.0738661,-0.0409266,2.36577
-0.917787,0.72594,-2.5,0.140922,-0.122946,2.36585
-0.975938,0.741126,-2.5,0.198358,-0.201133,2.37385
-1.03165,0.748908,-2.5,0.261873,-0.281307,2.37531
-1.08478,0.749206,-2.5,0.315713,-0.356503,2.37081
-1.1352,0.742019,-2.5,0.372515,-0.437753,2.36817
-1.18279,0.727417,-2.5,0.424844,-0.512768,2.37226
-1.22742,0.705548,-2.5,0.481658,-0.594856,2.38535
-1.26898,0.676629,-2.5,0.531002,-0.660936,2.39003
-1.30736,0.640949,-2.5,0.576329,-0.735564,2.39703
-1.34248,0.598865,-2.5,0.609646,-0.804076,2.40352
-1.37425,0.550798,-2.5,0.636339,-0.86927,2.40907
-1.40258,0.497227,-2.5,0.658751,-0.926262,2.41235
-1.4274,0.438688,-2.5,0.676857,-0.985422,2.40847
-1.44866,0.375765,-2.5,0.688297,-1.03622,2.40761
-1.4663,0.309089,-2.5,0.691413,-1.08796,2.40409
-1.48027,0.239323,-2.5,0.687659,-1.13273,2.39694
-1.49054,0.167168,-2.5,0.683939,-1.17577,2.38377
-1.49708,0.0933407,-2.5,0.674336,-1.21482,2.37575
-1.49988,0.0185811,-2.5,0.658127,-1.25074,2.36924
-1.49894,-0.0563633,-2.5,0.637596,-1.27699,2.3658
-1.49425,-0.130745,-2.5,0.607462,-1.30026,2.36304
-1.48582,-0.20382,-2.5,0.570515,-1.32349,2.35568
-1.47368,-0.274859,-2.5,0.522232,-1.3454,2.35375
-1.45785,-0.343152,-2.5,0.466282,-1.36393,2.3531
-1.43839,-0.408016,-2.5,0.411858,-1.37805,2.35593
-1.41532,-0.468803,-2.5,0.349228,-1.39327,2.36479
-1.38872,-0.524906,-2.5,0.286335,-1.41048,2.36599
-1.35865,-0.575764,-2.5,0.215452,-1.43162,2.35681
-1.32518,-0.62087,-2.5,0.147742,-1.44894,2.34846
-1.2884,-0.659772,-2.5,0.0714583,-1.4608,2.34482
-1.2484,-0.692082,-2.5,-0.00197197,-1.46311,2.34699
-1.20528,-0.717476,-2.5,-0.0871081,-1.46231,2.34788
-1.15915,-0.735702,-2.5,-0.158463,-1.4515,2.34428
-1.11012,-0.746577,-2.5,-0.230987,-1.4388,2.3394
-1.05831,-0.749993,-2.5,-0.287638,-1.42485,2.33451
-1.00386,-0.745914,-2.5,-0.347826,-1.39982,2.32851
-0.9469,-0.734383,-2.5,-0.398038,-1.37744,2.32046
-0.887573,-0.715514,-2.5,-0.450464,-1.35334,2.31393
-0.826028,-0.689496,-2.5,-0.496327,-1.32804,2.30925
-0.762419,-0.656589,-2.5,-0.541842,-1.2961,2.30481
-0.696903,-0.617121,-2.5,-0.577781,-1.26267,2.29853
-0.629646,-0.571488,-2.5,-0.613076,-1.21747,2.29777
-0.560815,-0.520144,-2.5,-0.642277,-1.1674,2.30454
-0.490582,-0.463602,-2.5,-0.668052,-1.1131,2.31702
-0.419123,-0.40243,-2.5,-0.685935,-1.06255,2.32805
-0.346616,-0.337235,-2.5,-0.698343,-1.01152,2.33256
-0.273244,-0.268672,-2.5,-0.710606,-0.953575,2.33233
-0.199188,-0.197424,-2.5,-0.714992,-0.901149,2.32978
-0.124634,-0.124203,-2.5,-0.711366,-0.844885,2.33051
-0.0497688,-0.0497414,-2.5,-0.70065,-0.792571,2.33711
0.0252211,0.0252176,-2.5,-0.681796,-0.731573,2.34189
0.100147,0.0999239,-2.5,-0.659717,-0.672919,2.34746
0.174824,0.173633,-2.5,-0.625777,-0.614092,2.35037
0.249064,0.245606,-2.5,-0.58586,-0.557844,2.35221
0.32268,0.315125,-2.5,-0.534933,-0.489719,2.35489
0.395491,0.381496,-2.5,-0.48377,-0.42663,2.35811
0.467312,0.444055,-2.5,-0.415251,-0.351162,2.36031
0.537966,0.502177,-2.5,-0.349656,-0.281371,2.3601
0.607275,0.555282,-2.5,-0.273612,-0.205751,2.36166
0.675066,0.602838,-2.5,-0.197689,-0.134353,2.36705
0.74117,0.644372,-2.5,-0.12084,-0.0583817,2.36942
0.805421,0.679466,-2.5,-0.0435487,0.012682,2.37104
0.86766,0.707772,-2.5,0.0384556,0.086924,2.37162
0.927729,0.729006,-2.5,0.112714,0.153004,2.37228
0.98548,0.742956,-2.5,0.192091,0.219952,2.37381
1.04077,0.749482,-2.5,0.260478,0.28758,2.37726
1.09345,0.74852,-2.5,0.328544,0.366683,2.37957
1.14341,0.740079,-2.5,0.389042,0.438252,2.3799
1.1905,0.724243,-2.5,0.44148,0.502422,2.37995
1.23462,0.701171,-2.5,0.493844,0.579689,2.38289
1.27566,0.671093,-2.5,0.535992,0.651567,2.38574
1.3135,0.63431,-2.5,0.576723,0.724491,2.38476
1.34806,0.591189,-2.5,0.607176,0.790779,2.3816
1.37925,0.542161,-2.5,0.631712,0.863076,2.37804
1.407,0.487716,-2.5,0.646475,0.927857,2.37268
1.43123,0.428397,-2.5,0.658897,0.990969,2.37122
1.45188,0.364799,-2.5,0.668735,1.04815,2.37581
1.4689,0.297555,-2.5,0.6735,1.10694,2.38182
1.48225,0.227338,-2.5,0.66938,1.15703,2.38525
1.4919,0.154851,-2.5,0.65504,1.20598,2.38758
1.49782,0.080815,-2.5,0.635197,1.24296,2.39508
1.49999,0.00597253,-2.5,0.605839,1.28107,2.39986
1.49841,-0.0689303,-2.5,0.575967,1.31229,2.40082
1.49309,-0.143144,-2.5,0.545396,1.34042,2.40002
1.48404,-0.215927,-2.5,0.507702,1.3731,2.39474
1.47127,-0.286554,-2.5,0.463307,1.40221,2.38502
1.45483,-0.354317,-2.5,0.418758,1.42582,2.37986
1.43476,-0.41854,-2.5,0.367995,1.44848,2.37562
1.4111,-0.47858,-2.5,0.320354,1.46606,2.36926
1.38391,-0.533839,-2.5,0.266389,1.47753,2.36008
1.35326,-0.583764,-2.5,0.210093,1.48433,2.356
1.31923,-0.627857,-2.5,0.145079,1.48627,2.35494
1.2819,-0.665676,-2.5,0.0753954,1.48472,2.35415
1.24137,-0.696843,-2.5,0.00990786,1.48245,2.35122
1.19773,-0.721048,-2.5,-0.0566781,1.477,2.34654
1.1511,-0.738049,-2.5,-0.116271,1.46471,2.34299
1.1016,-0.747675,-2.5,-0.18089,1.44646,2.33958
1.04934,-0.749831,-2.5,-0.240328,1.42715,2.33714
0.994454,-0.744495,-2.5,-0.302516,1.4062,2.33607
0.937086,-0.731719,-2.5,-0.357658,1.38945,2.33501
0.877375,-0.711633,-2.5,-0.412939,1.36237,2.33814
0.815472,-0.684437,-2.5,-0.458083,1.33171,2.34446
0.751531,-0.650401,-2.5,-0.500093,1.29449,2.35045
0.685712,-0.609868,-2.5,-0.535276,1.25719,2.34889
0.618178,-0.56324,-2.5,-0.5758,1.21328,2.34596
0.549099,-0.510985,-2.5,-0.605559,1.16922,2.34423
0.478647,-0.453624,-2.5,-0.627851,1.12109,2.34672
0.406999,-0.391731,-2.5,-0.640595,1.07661,2.35246
0.334335,-0.325924,-2.5,-0.648678,1.03042,2.35877
0.260834,-0.25686,-2.5,-0.656793,0.977786,2.3616
0.186681,-0.18523,-2.5,-0.66123,0.919091,2.37022
0.112062,-0.111749,-2.5,-0.660505,0.860935,2.38047
0.0371623,-0.0371509,-2.5,-0.654136,0.797236,2.39067
-0.0378288,0.0378167,-2.5,-0.638035,0.727863,2.40553
-0.112727,0.112408,-2.5,-0.622404,0.65755,2.41742
-0.187343,0.185876,-2.5,-0.593821,0.580484,2.42821
-0.261491,0.257487,-2.5,-0.556281,0.506266,2.43598
-0.334985,0.326525,-2.5,-0.515998,0.440434,2.44029
-0.407641,0.392299,-2.5,-0.463255,0.368213,2.44136
-0.479279,0.454155,-2.5,-0.411796,0.307298,2.43902
-0.549719,0.511473,-2.5,-0.35452,0.243883,2.43616
-0.618785,0.56368,-2.5,-0.289335,0.17777,2.4319
-0.686305,0.610256,-2.5,-0.221977,0.115787,2.42571
-0.752107,0.650733,-2.5,-0.144489,0.0592444,2.41371
-0.816032,0.684709,-2.5,-0.0729305,-0.00142015,2.41007
-0.816032,0.684709,-2.5,0.0033938,-0.0709417,2.40939
-0.816032,0.684709,-2.5,0.0731468,-0.137138,2.40588
-0.816032,0.684709,-2.5,0.147082,-0.210262,2.39121
-0.816032,0.684709,-2.5,0.210944,-0.273756,2.3626
-0.816032,0.684709,-2.5,0.271212,-0.339034,2.32475
-0.816032,0.684709,-2.5,0.316514,-0.389404,2.28409
-0.816032,0.684709,-2.5,0.350614,-0.428521,2.23054
-0.816032,0.684709,-2.5,0.366979,-0.44891,2.16774
-0.816032,0.684709,-2.5,0.366679,-0.447843,2.09258
-0.816032,0.684709,-2.5,0.352141,-0.42888,2.01497
-0.816032,0.684709,-2.5,0.323576,-0.398339,1.93514
-0.816032,0.684709,-2.5,0.291015,-0.367493,1.87012
-0.816032,0.684709,-2.5,0.275377,-0.34575,1.85513
-0.816032,0.684709,-2.5,0.270899,-0.344722,1.8625
-0.816032,0.684709,-2.5,0.267755,-0.345159,1.86981
-0.816032,0.684709,-2.5,0.265257,-0.342273,1.87597
-0.816032,0.684709,-2.5,0.263242,-0.334587,1.88256
-0.816032,0.684709,-2.5,0.265544,-0.326763,1.88839
-0.816032,0.684709,-2.5,0.266342,-0.318334,1.89252
-0.816032,0.684709,-2.5,0.269484,-0.309121,1.89898
-0.816032,0.684709,-2.5,0.27078,-0.302082,1.90466
-0.816032,0.684709,-2.5,0.267458,-0.297409,1.9096
-0.816032,0.684709,-2.5,0.264901,-0.294952,1.91494
-0.816032,0.684709,-2.5,0.26764,-0.296654,1.91794
-0.816032,0.684709,-2.5,0.272516,-0.300529,1.91836
-0.816032,0.684709,-2.5,0.27568,-0.302529,1.91677
-0.816032,0.684709,-2.5,0.274038,-0.299752,1.91357
-0.816032,0.684709,-2.5,0.271853,-0.28906,1.91336
-0.816032,0.684709,-2.5,0.271217,-0.282576,1.90857
-0.816032,0.684709,-2.5,0.2735,-0.275816,1.90768
-0.816032,0.684709,-2.5,0.275321,-0.270345,1.9096
-0.816032,0.684709,-2.5,0.274049,-0.266987,1.91223
-0.816032,0.684709,-2.5,0.278448,-0.271593,1.91446
-0.816032,0.684709,-2.5,0.280691,-0.279172,1.92417
-0.816032,0.684709,-2.5,0.280476,-0.289682,1.93198
-0.816032,0.684709,-2.5,0.279419,-0.300434,1.9371
-0.816032,0.684709,-2.5,0.279676,-0.307397,1.94018
-0.816032,0.684709,-2.5,0.280637,-0.318294,1.94325
-0.816032,0.684709,-2.5,0.280854,-0.327114,1.94728
-0.816032,0.684709,-2.5,0.281774,-0.331334,1.95337
-0.816032,0.684709,-2.5,0.281906,-0.331803,1.95865
-0.816032,0.684709,-2.5,0.277958,-0.331905,1.96037
-0.816032,0.684709,-2.5,0.277305,-0.326019,1.96189
-0.816032,0.684709,-2.5,0.276125,-0.318829,1.95895
-0.816032,0.684709,-2.5,0.274531,-0.310459,1.95469
-0.816032,0.684709,-2.5,0.273113,-0.305293,1.95291
-0.816032,0.684709,-2.5,0.268406,-0.303346,1.94723
-0.816032,0.684709,-2.5,0.259366,-0.302116,1.94108
-0.816032,0.684709,-2.5,0.250556,-0.303547,1.93914
-0.816032,0.684709,-2.5,0.243162,-0.304155,1.93992
-0.816032,0.684709,-2.5,0.234293,-0.301529,1.94043
-0.816032,0.684709,-2.5,0.226009,-0.304314,1.93829
-0.816032,0.684709,-2.5,0.21707,-0.306507,1.93734
-0.816032,0.684709,-2.5,0.208743,-0.306588,1.93989
-0.816032,0.684709,-2.5,0.201733,-0.30515,1.94159
-0.816032,0.684709,-2.5,0.197668,-0.3029,1.94077
-0.816032,0.684709,-2.5,0.194104,-0.295638,1.9451
-0.816032,0.684709,-2.5,0.19063,-0.298406,1.94946
-0.816032,0.684709,-2.5,0.19101,-0.298638,1.95141
-0.816032,0.684709,-2.5,0.191967,-0.296111,1.94785
-0.816032,0.684709,-2.5,0.189574,-0.290915,1.93374
-0.816032,0.684709,-2.5,0.185044,-0.280102,1.91104
-0.816032,0.684709,-2.5,0.186505,-0.273696,1.89637
-0.816032,0.684709,-2.5,0.185593,-0.266686,1.88481
-0.816032,0.684709,-2.5,0.182139,-0.259452,1.87647
-0.816032,0.684709,-2.5,0.181978,-0.251487,1.86718
-0.816032,0.684709,-2.5,0.187245,-0.249493,1.86636
-0.816032,0.684709,-2.5,0.193792,-0.244239,1.86251
-0.816032,0.684709,-2.5,0.200398,-0.23939,1.85589
-0.816032,0.684709,-2.5,0.207758,-0.23471,1.84807
-0.816032,0.684709,-2.5,0.213131,-0.230542,1.85138
-0.816032,0.684709,-2.5,0.218625,-0.227595,1.85509
-0.816032,0.684709,-2.5,0.221301,-0.22703,1.86211
-0.816032,0.684709,-2.5,0.221697,-0.225312,1.87189
-0.816032,0.684709,-2.5,0.220371,-0.22184,1.87972
-0.816032,0.684709,-2.5,0.218296,-0.221914,1.87941
-0.816032,0.684709,-2.5,0.220519,-0.210026,1.87849
-0.816032,0.684709,-2.5,0.224701,-0.20053,1.88188
-0.816032,0.684709,-2.5,0.227628,-0.195927,1.88559
-0.816032,0.684709,-2.5,0.228426,-0.194372,1.88694
-0.816032,0.684709,-2.5,0.228497,-0.19575,1.88437
-0.816032,0.684709,-2.5,0.232682,-0.197925,1.87622
-0.816032,0.684709,-2.5,0.23567,-0.201257,1.86844
-0.816032,0.684709,-2.5,0.237037,-0.207635,1.85763
-0.816032,0.684709,-2.5,0.235801,-0.216285,1.84452
-0.816032,0.684709,-2.5,0.23761,-0.220595,1.82261
-0.816032,0.684709,-2.5,0.241542,-0.218984,1.80236
-0.816032,0.684709,-2.5,0.242056,-0.218164,1.77901
-0.816032,0.684709,-2.5,0.239544,-0.219249,1.75412
-0.816032,0.684709,-2.5,0.236363,-0.22125,1.72655
-0.816032,0.684709,-2.5,0.231378,-0.227217,1.69378
-0.816032,0.684709,-2.5,0.229388,-0.240093,1.66984
-0.816032,0.684709,-2.5,0.23172,-0.250787,1.6554
-0.816032,0.684709,-2.5,0.234528,-0.259809,1.64894
-0.816032,0.684709,-2.5,0.233496,-0.268119,1.6521
-0.816032,0.684709,-2.5,0.23429,-0.273285,1.64784
-0.816032,0.684709,-2.5,0.233696,-0.275854,1.64285
-0.816032,0.684709,-2.5,0.233726,-0.272134,1.63881
-0.816032,0.684709,-2.5,0.235005,-0.264203,1.63263
-0.816032,0.684709,-2.5,0.235884,-0.263648,1.62023
-0.816032,0.684709,-2.5,0.23712,-0.266108,1.60848
-0.816032,0.684709,-2.5,0.235819,-0.261257,1.59788
-0.816032,0.684709,-2.5,0.235535,-0.25762,1.58679
-0.816032,0.684709,-2.5,0.236742,-0.257336,1.57878
-0.816032,0.684709,-2.5,0.237263,-0.257036,1.57821
-0.816032,0.684709,-2.5,0.236365,-0.258298,1.57368
-0.816032,0.684709,-2.5,0.235031,-0.262417,1.57402
-0.816032,0.684709,-2.5,0.235917,-0.26642,1.57273
-0.816032,0.684709,-2.5,0.239376,-0.269182,1.56805
-0.816032,0.684709,-2.5,0.243617,-0.269286,1.56326
-0.816032,0.684709,-2.5,0.247566,-0.266212,1.55094
-0.816032,0.684709,-2.5,0.247976,-0.263028,1.54236
-0.816032,0.684709,-2.5,0.24841,-0.265233,1.53695
-0.816032,0.684709,-2.5,0.250973,-0.273082,1.53263
-0.816032,0.684709,-2.5,0.251557,-0.280883,1.53317
-0.816032,0.684709,-2.5,0.254489,-0.285357,1.52831
-0.816032,0.684709,-2.5,0.259328,-0.288393,1.52752
-0.816032,0.684709,-2.5,0.264212,-0.292908,1.5349
-0.816032,0.684709,-2.5,0.265969,-0.300378,1.55162
-0.816032,0.684709,-2.5,0.265834,-0.306711,1.56295
-0.816032,0.684709,-2.5,0.263654,-0.312336,1.56722
-0.816032,0.684709,-2.5,0.258746,-0.315101,1.56654
-0.816032,0.684709,-2.5,0.253891,-0.315813,1.56491
-0.816032,0.684709,-2.5,0.25069,-0.316492,1.5654
-0.816032,0.684709,-2.5,0.250339,-0.317223,1.55678
-0.816032,0.684709,-2.5,0.249945,-0.32171,1.55748
-0.816032,0.684709,-2.5,0.247619,-0.326104,1.55445
-0.816032,0.684709,-2.5,0.243659,-0.328841,1.54478
-0.816032,0.684709,-2.5,0.241043,-0.327444,1.53156
-0.816032,0.684709,-2.5,0.238269,-0.322039,1.52388
-0.816032,0.684709,-2.5,0.2364,-0.318339,1.51874
-0.816032,0.684709,-2.5,0.236313,-0.318322,1.51455
-0.816032,0.684709,-2.5,0.237234,-0.320556,1.50759
-0.816032,0.684709,-2.5,0.237881,-0.322541,1.49236
-0.816032,0.684709,-2.5,0.240382,-0.333505,1.4907
-0.816032,0.684709,-2.5,0.237495,-0.342333,1.4878
-0.816032,0.684709,-2.5,0.234292,-0.347505,1.48676
-0.816032,0.684709,-2.5,0.233099,-0.349773,1.48539
-0.816032,0.684709,-2.5,0.235301,-0.347604,1.47261
-0.816032,0.684709,-2.5,0.235233,-0.346344,1.45841
-0.816032,0.684709,-2.5,0.235609,-0.34081,1.45203
-0.816032,0.684709,-2.5,0.237675,-0.335885,1.44179
-0.816032,0.684709,-2.5,0.240083,-0.335128,1.42863
-0.816032,0.684709,-2.5,0.239353,-0.338604,1.41911
-0.816032,0.684709,-2.5,0.242122,-0.339595,1.40632
-0.816032,0.684709,-2.5,0.242144,-0.338292,1.40005
-0.816032,0.684709,-2.5,0.242284,-0.336373,1.39858
-0.816032,0.684709,-2.5,0.244169,-0.334447,1.39935
-0.816032,0.684709,-2.5,0.237838,-0.335014,1.40653
-0.816032,0.684709,-2.5,0.234403,-0.333667,1.40941
-0.816032,0.684709,-2.5,0.233602,-0.333319,1.40748
-0.816032,0.684709,-2.5,0.23331,-0.333221,1.39749
-0.816032,0.684709,-2.5,0.230833,-0.331907,1.37744
-0.816032,0.684709,-2.5,0.229462,-0.327588,1.36176
-0.816032,0.684709,-2.5,0.225492,-0.321932,1.34929
-0.816032,0.684709,-2.5,0.222611,-0.319447,1.34794
-0.816032,0.684709,-2.5,0.221229,-0.317092,1.34853
-0.816032,0.684709,-2.5,0.221641,-0.312239,1.34413
-0.816032,0.684709,-2.5,0.224419,-0.308492,1.34236
-0.816032,0.684709,-2.5,0.22258,-0.305314,1.34211
-0.816032,0.684709,-2.5,0.221749,-0.303794,1.34021
-0.816032,0.684709,-2.5,0.22212,-0.304552,1.33792
-0.816032,0.684709,-2.5,0.221897,-0.308359,1.33706
-0.816032,0.684709,-2.5,0.22586,-0.308654,1.33602
-0.816032,0.684709,-2.5,0.224627,-0.311828,1.34138
-0.816032,0.684709,-2.5,0.223081,-0.314171,1.35138
-0.816032,0.684709,-2.5,0.222304,-0.315069,1.36136
-0.816032,0.684709,-2.5,0.220618,-0.314935,1.36457
-0.816032,0.684709,-2.5,0.216686,-0.312216,1.36588
-0.816032,0.684709,-2.5,0.21535,-0.312581,1.36117
-0.816032,0.684709,-2.5,0.214703,-0.313542,1.35298
-0.816032,0.684709,-2.5,0.214692,-0.314015,1.34276
-0.816032,0.684709,-2.5,0.216198,-0.313697,1.32991
-0.816032,0.684709,-2.5,0.221096,-0.315942,1.31449
-0.816032,0.684709,-2.5,0.225739,-0.315676,1.30519
-0.816032,0.684709,-2.5,0.232138,-0.311008,1.29748
-0.816032,0.684709,-2.5,0.239976,-0.303958,1.28883
-0.816032,0.684709,-2.5,0.251522,-0.296428,1.27471
-0.816032,0.684709,-2.5,0.258271,-0.288935,1.26718
-0.816032,0.684709,-2.5,0.261699,-0.281676,1.27192
-0.816032,0.684709,-2.5,0.261542,-0.274471,1.28021
-0.816032,0.684709,-2.5,0.257922,-0.26251,1.29002
-0.816032,0.684709,-2.5,0.260818,-0.256624,1.291
-0.816032,0.684709,-2.5,0.264345,-0.245584,1.28985
-0.816032,0.684709,-2.5,0.264923,-0.235323,1.28572
-0.816032,0.684709,-2.5,0.262111,-0.230842,1.28115
-0.816032,0.684709,-2.5,0.261027,-0.231055,1.28133
-0.816032,0.684709,-2.5,0.254141,-0.227712,1.28584
-0.816032,0.684709,-2.5,0.247842,-0.224495,1.29207
-0.816032,0.684709,-2.5,0.241039,-0.223328,1.29799
-0.816032,0.684709,-2.5,0.233426,-0.224691,1.3009
-0.816032,0.684709,-2.5,0.226184,-0.219936,1.29689
-0.816032,0.684709,-2.5,0.216158,-0.214103,1.29097
-0.816032,0.684709,-2.5,0.212831,-0.212138,1.28854
-0.816032,0.684709,-2.5,0.212831,-0.212138,1.28854
-0.816032,0.684709,-2.5,0.212831,-0.212138,1.28854
-0.816032,0.684709,-2.5,0.212831,-0.212138,1.28854
-0.816032,0.684709,-2.5,0.212831,-0.212138,1.28854
-0.816032,0.684709,-2.5,0.212831,-0.212138,1.28854
-0.816032,0.684709,-2.5,0.212831,-0.212138,1.28854
